Metric,Checkpoint,Value
FID,model-13,175.23017548067696
IS Mean,model-21,5.626406192779541
